,id,,season,,week,,start_date,,home_id,,away_id,
",(",401525434,",",2023,",",0,",'",2023-08-26T18:30:00.000Z,"',",87,",",2426,)
",(",401520145,",",2023,",",0,",'",2023-08-26T21:30:00.000Z,"',",55,",",2638,)
",(",401525450,",",2023,",",0,",'",2023-08-26T23:00:00.000Z,"',",166,",",113,)
",(",401532392,",",2023,",",0,",'",2023-08-26T23:00:00.000Z,"',",21,",",195,)
",(",401520147,",",2023,",",0,",'",2023-08-26T23:30:00.000Z,"',",238,",",62,)
",(",401523986,",",2023,",",0,",'",2023-08-27T00:00:00.000Z,"',",30,",",23,)
",(",401520146,",",2023,",",0,",'",2023-08-27T01:00:00.000Z,"',",2348,",",2229,)
",(",401525461,",",2023,",",1,",'",2023-08-31T23:00:00.000Z,"',",154,",",2210,)
",(",401525816,",",2023,",",1,",'",2023-08-31T23:00:00.000Z,"',",2116,",",2309,)
",(",401532393,",",2023,",",1,",'",2023-08-31T23:00:00.000Z,"',",2711,",",2598,)
",(",401531834,",",2023,",",1,",'",2023-08-31T23:00:00.000Z,"',",2247,",",227,)
",(",401520174,",",2023,",",1,",'",2023-08-31T23:30:00.000Z,"',",41,",",152,)
",(",401520165,",",2023,",",1,",'",2023-09-01T00:00:00.000Z,"',",142,",",233,)
",(",401531377,",",2023,",",1,",'",2023-09-01T00:00:00.000Z,"',",5,",",2448,)
",(",401520176,",",2023,",",1,",'",2023-09-01T00:00:00.000Z,"',",254,",",57,)
",(",401520148,",",2023,",",1,",'",2023-09-01T00:00:00.000Z,"',",135,",",158,)
",(",401531337,",",2023,",",1,",'",2023-09-01T00:00:00.000Z,"',",202,",",2029,)
",(",401523987,",",2023,",",1,",'",2023-09-01T02:00:00.000Z,"',",9,",",253,)
",(",401532394,",",2023,",",1,",'",2023-09-01T22:30:00.000Z,"',",2199,",",47,)
",(",401520163,",",2023,",",1,",'",2023-09-01T23:00:00.000Z,"',",127,",",2117,)
",(",401525463,",",2023,",",1,",'",2023-09-01T23:00:00.000Z,"',",2390,",",193,)
",(",401525462,",",2023,",",1,",'",2023-09-01T23:30:00.000Z,"',",59,",",97,)
",(",401525815,",",2023,",",1,",'",2023-09-02T00:00:00.000Z,"',",2305,",",2623,)
",(",401523988,",",2023,",",1,",'",2023-09-02T03:00:00.000Z,"',",62,",",24,)
",(",401525464,",",2023,",",1,",'",2023-09-02T16:00:00.000Z,"',",103,",",2459,)
",(",401520159,",",2023,",",1,",'",2023-09-02T16:00:00.000Z,"',",96,",",2050,)
",(",401520170,",",2023,",",1,",'",2023-09-02T16:00:00.000Z,"',",2509,",",278,)
",(",401520179,",",2023,",",1,",'",2023-09-02T16:00:00.000Z,"',",2633,",",258,)
",(",401520172,",",2023,",",1,",'",2023-09-02T16:00:00.000Z,"',",2567,",",2348,)
",(",401520160,",",2023,",",1,",'",2023-09-02T16:00:00.000Z,"',",2335,",",189,)
",(",401523994,",",2023,",",1,",'",2023-09-02T16:00:00.000Z,"',",2628,",",38,)
",(",401525822,",",2023,",",1,",'",2023-09-02T16:00:00.000Z,"',",201,",",2032,)
",(",401520157,",",2023,",",1,",'",2023-09-02T16:00:00.000Z,"',",2294,",",328,)
",(",401520162,",",2023,",",1,",'",2023-09-02T16:00:00.000Z,"',",130,",",151,)
",(",401532570,",",2023,",",1,",'",2023-09-02T17:00:00.000Z,"',",2005,",",2523,)
",(",401520168,",",2023,",",1,",'",2023-09-02T18:00:00.000Z,"',",145,",",2382,)
",(",401532395,",",2023,",",1,",'",2023-09-02T18:00:00.000Z,"',",195,",",112358,)
",(",401525820,",",2023,",",1,",'",2023-09-02T18:00:00.000Z,"',",66,",",2460,)
",(",401520158,",",2023,",",1,",'",2023-09-02T18:00:00.000Z,"',",55,",",2193,)
",(",401531387,",",2023,",",1,",'",2023-09-02T18:00:00.000Z,"',",218,",",2006,)
",(",401523992,",",2023,",",1,",'",2023-09-02T19:00:00.000Z,"',",2483,",",2502,)
",(",401525824,",",2023,",",1,",'",2023-09-02T19:30:00.000Z,"',",251,",",242,)
",(",401520161,",",2023,",",1,",'",2023-09-02T19:30:00.000Z,"',",120,",",119,)
",(",401525465,",",2023,",",1,",'",2023-09-02T19:30:00.000Z,"',",221,",",2747,)
",(",401520151,",",2023,",",1,",'",2023-09-02T19:30:00.000Z,"',",2,",",113,)
",(",401523997,",",2023,",",1,",'",2023-09-02T19:30:00.000Z,"',",264,",",68,)
",(",401520181,",",2023,",",1,",'",2023-09-02T19:30:00.000Z,"',",98,",",58,)
",(",401531835,",",2023,",",1,",'",2023-09-02T19:30:00.000Z,"',",2026,",",2241,)
",(",401520156,",",2023,",",1,",'",2023-09-02T19:30:00.000Z,"',",84,",",194,)
",(",401525435,",",2023,",",1,",'",2023-09-02T19:30:00.000Z,"',",87,",",2634,)
",(",401520180,",",2023,",",1,",'",2023-09-02T19:30:00.000Z,"',",275,",",2084,)
",(",401525818,",",2023,",",1,",'",2023-09-02T19:30:00.000Z,"',",2132,",",2198,)
",(",401525466,",",2023,",",1,",'",2023-09-02T20:00:00.000Z,"',",183,",",2142,)
",(",401520164,",",2023,",",1,",'",2023-09-02T20:00:00.000Z,"',",344,",",2545,)
",(",401523991,",",2023,",",1,",'",2023-09-02T20:00:00.000Z,"',",249,",",25,)
",(",401520150,",",2023,",",1,",'",2023-09-02T20:00:00.000Z,"',",8,",",2717,)
",(",401532572,",",2023,",",1,",'",2023-09-02T20:00:00.000Z,"',",2439,",",2803,)
",(",401531838,",",2023,",",1,",'",2023-09-02T22:00:00.000Z,"',",276,",",399,)
",(",401531418,",",2023,",",1,",'",2023-09-02T22:00:00.000Z,"',",2226,",",2405,)
",(",401531836,",",2023,",",1,",'",2023-09-02T22:00:00.000Z,"',",290,",",2643,)
",(",401520154,",",2023,",",1,",'",2023-09-02T22:00:00.000Z,"',",61,",",2630,)
",(",401531402,",",2023,",",1,",'",2023-09-02T22:00:00.000Z,"',",2429,",",2569,)
",(",401531837,",",2023,",",1,",'",2023-09-02T22:00:00.000Z,"',",256,",",2083,)
",(",401520153,",",2023,",",1,",'",2023-09-02T22:30:00.000Z,"',",2229,",",311,)
",(",401523996,",",2023,",",1,",'",2023-09-02T22:30:00.000Z,"',",30,",",2440,)
",(",401523990,",",2023,",",1,",'",2023-09-02T23:00:00.000Z,"',",36,",",265,)
",(",401520175,",",2023,",",1,",'",2023-09-02T23:00:00.000Z,"',",2433,",",349,)
",(",401531426,",",2023,",",1,",'",2023-09-02T23:00:00.000Z,"',",235,",",2065,)
",(",401525817,",",2023,",",1,",'",2023-09-02T23:00:00.000Z,"',",239,",",326,)
",(",401531841,",",2023,",",1,",'",2023-09-02T23:00:00.000Z,"',",2653,",",2617,)
",(",401520173,",",2023,",",1,",'",2023-09-02T23:00:00.000Z,"',",245,",",167,)
",(",401520178,",",2023,",",1,",'",2023-09-02T23:00:00.000Z,"',",238,",",2010,)
",(",401525823,",",2023,",",1,",'",2023-09-02T23:00:00.000Z,"',",197,",",2110,)
",(",401525819,",",2023,",",1,",'",2023-09-02T23:00:00.000Z,"',",248,",",2636,)
",(",401525821,",",2023,",",1,",'",2023-09-02T23:00:00.000Z,"',",2306,",",2546,)
",(",401531840,",",2023,",",1,",'",2023-09-02T23:00:00.000Z,"',",2572,",",2016,)
",(",401520149,",",2023,",",1,",'",2023-09-02T23:30:00.000Z,"',",333,",",2393,)
",(",401531839,",",2023,",",1,",'",2023-09-02T23:30:00.000Z,"',",309,",",2466,)
",(",401520167,",",2023,",",1,",'",2023-09-02T23:30:00.000Z,"',",153,",",2579,)
",(",401525825,",",2023,",",1,",'",2023-09-02T23:30:00.000Z,"',",2751,",",2641,)
",(",401520169,",",2023,",",1,",'",2023-09-02T23:30:00.000Z,"',",213,",",277,)
",(",401520155,",",2023,",",1,",'",2023-09-02T23:30:00.000Z,"',",356,",",2649,)
",(",401525467,",",2023,",",1,",'",2023-09-03T00:00:00.000Z,"',",259,",",295,)
",(",401531347,",",2023,",",1,",'",2023-09-03T00:00:00.000Z,"',",2655,",",6,)
",(",401520177,",",2023,",",1,",'",2023-09-03T01:00:00.000Z,"',",2638,",",2916,)
",(",401520166,",",2023,",",1,",'",2023-09-03T01:00:00.000Z,"',",166,",",2710,)
",(",401523989,",",2023,",",1,",'",2023-09-03T02:00:00.000Z,"',",12,",",2464,)
",(",401520152,",",2023,",",1,",'",2023-09-03T02:15:00.000Z,"',",252,",",2534,)
",(",401532571,",",2023,",",1,",'",2023-09-03T02:30:00.000Z,"',",21,",",304,)
",(",401523995,",",2023,",",1,",'",2023-09-03T02:30:00.000Z,"',",26,",",324,)
",(",401520171,",",2023,",",1,",'",2023-09-03T16:00:00.000Z,"',",164,",",77,)
",(",401532573,",",2023,",",1,",'",2023-09-03T19:30:00.000Z,"',",23,",",204,)
",(",401520182,",",2023,",",1,",'",2023-09-03T23:30:00.000Z,"',",52,",",99,)
",(",401525468,",",2023,",",1,",'",2023-09-05T00:00:00.000Z,"',",150,",",228,)
",(",401525469,",",2023,",",2,",'",2023-09-07T23:30:00.000Z,"',",97,",",93,)
",(",401520193,",",2023,",",2,",'",2023-09-08T23:00:00.000Z,"',",84,",",282,)
",(",401520195,",",2023,",",2,",'",2023-09-08T23:30:00.000Z,"',",2305,",",356,)
",(",401532574,",",2023,",",2,",'",2023-09-09T04:00:00.000Z,"',",278,",",331,)
",(",401520216,",",2023,",",2,",'",2023-09-09T15:00:00.000Z,"',",154,",",238,)
",(",401525498,",",2023,",",2,",'",2023-09-09T16:00:00.000Z,"',",258,",",256,)
",(",401525490,",",2023,",",2,",'",2023-09-09T16:00:00.000Z,"',",103,",",107,)
",(",401520209,",",2023,",",2,",'",2023-09-09T16:00:00.000Z,"',",213,",",48,)
",(",401525829,",",2023,",",2,",'",2023-09-09T16:00:00.000Z,"',",2306,",",2653,)
",(",401523999,",",2023,",",2,",'",2023-09-09T16:00:00.000Z,"',",239,",",254,)
",(",401520191,",",2023,",",2,",'",2023-09-09T16:00:00.000Z,"',",61,",",2050,)
",(",401520215,",",2023,",",2,",'",2023-09-09T16:00:00.000Z,"',",259,",",2509,)
",(",401520185,",",2023,",",2,",'",2023-09-09T16:00:00.000Z,"',",349,",",2169,)
",(",401520188,",",2023,",",2,",'",2023-09-09T16:00:00.000Z,"',",38,",",158,)
",(",401525436,",",2023,",",2,",'",2023-09-09T16:00:00.000Z,"',",152,",",87,)
",(",401520208,",",2023,",",2,",'",2023-09-09T16:00:00.000Z,"',",194,",",2754,)
",(",401525494,",",2023,",",2,",'",2023-09-09T17:00:00.000Z,"',",59,",",2569,)
",(",401532396,",",2023,",",2,",'",2023-09-09T17:30:00.000Z,"',",2117,",",160,)
",(",401532400,",",2023,",",2,",'",2023-09-09T18:00:00.000Z,"',",189,",",2197,)
",(",401525491,",",2023,",",2,",'",2023-09-09T18:15:00.000Z,"',",228,",",2127,)
",(",401525828,",",2023,",",2,",'",2023-09-09T19:00:00.000Z,"',",252,",",253,)
",(",401520196,",",2023,",",2,",'",2023-09-09T19:00:00.000Z,"',",96,",",2198,)
",(",401520201,",",2023,",",2,",'",2023-09-09T19:30:00.000Z,"',",2390,",",245,)
",(",401520202,",",2023,",",2,",'",2023-09-09T19:30:00.000Z,"',",130,",",2439,)
",(",401520194,",",2023,",",2,",'",2023-09-09T19:30:00.000Z,"',",66,",",2294,)
",(",401520214,",",2023,",",2,",'",2023-09-09T19:30:00.000Z,"',",2655,",",145,)
",(",401532397,",",2023,",",2,",'",2023-09-09T19:30:00.000Z,"',",2459,",",79,)
",(",401531432,",",2023,",",2,",'",2023-09-09T19:30:00.000Z,"',",2426,",",2681,)
",(",401532398,",",2023,",",2,",'",2023-09-09T19:30:00.000Z,"',",2649,",",2640,)
",(",401520203,",",2023,",",2,",'",2023-09-09T19:30:00.000Z,"',",127,",",257,)
",(",401520207,",",2023,",",2,",'",2023-09-09T19:30:00.000Z,"',",77,",",2638,)
",(",401531395,",",2023,",",2,",'",2023-09-09T19:30:00.000Z,"',",2636,",",326,)
",(",401525497,",",2023,",",2,",'",2023-09-09T19:30:00.000Z,"',",183,",",2711,)
",(",401526833,",",2023,",",2,",'",2023-09-09T19:30:00.000Z,"',",113,",",193,)
",(",401532580,",",2023,",",2,",'",2023-09-09T20:00:00.000Z,"',",2751,",",2502,)
",(",401532578,",",2023,",",2,",'",2023-09-09T20:00:00.000Z,"',",23,",",13,)
",(",401531411,",",2023,",",2,",'",2023-09-09T20:00:00.000Z,"',",151,",",276,)
",(",401520184,",",2023,",",2,",'",2023-09-09T20:00:00.000Z,"',",8,",",2309,)
",(",401524004,",",2023,",",2,",'",2023-09-09T21:00:00.000Z,"',",264,",",202,)
",(",401531844,",",2023,",",2,",'",2023-09-09T21:00:00.000Z,"',",6,",",2545,)
",(",401520213,",",2023,",",2,",'",2023-09-09T21:00:00.000Z,"',",2633,",",2046,)
",(",401525495,",",2023,",",2,",'",2023-09-09T21:15:00.000Z,"',",153,",",2026,)
",(",401531419,",",2023,",",2,",'",2023-09-09T22:00:00.000Z,"',",2226,",",195,)
",(",401532401,",",2023,",",2,",'",2023-09-09T22:00:00.000Z,"',",2084,",",2230,)
",(",401525833,",",2023,",",2,",'",2023-09-09T22:00:00.000Z,"',",277,",",2184,)
",(",401525492,",",2023,",",2,",'",2023-09-09T22:00:00.000Z,"',",150,",",322,)
",(",401525830,",",2023,",",2,",'",2023-09-09T22:00:00.000Z,"',",201,",",2567,)
",(",401531842,",",2023,",",2,",'",2023-09-09T22:00:00.000Z,"',",295,",",309,)
",(",401520198,",",2023,",",2,",'",2023-09-09T22:00:00.000Z,"',",2335,",",166,)
",(",401532399,",",2023,",",2,",'",2023-09-09T22:00:00.000Z,"',",2006,",",2415,)
",(",401531378,",",2023,",",2,",'",2023-09-09T22:00:00.000Z,"',",290,",",5,)
",(",401520189,",",2023,",",2,",'",2023-09-09T22:30:00.000Z,"',",2229,",",249,)
",(",401525496,",",2023,",",2,",'",2023-09-09T22:30:00.000Z,"',",221,",",2132,)
",(",401531422,",",2023,",",2,",'",2023-09-09T23:00:00.000Z,"',",58,",",50,)
",(",401532576,",",2023,",",2,",'",2023-09-09T23:00:00.000Z,"',",2440,",",70,)
",(",401520197,",",2023,",",2,",'",2023-09-09T23:00:00.000Z,"',",2348,",",2466,)
",(",401520183,",",2023,",",2,",'",2023-09-09T23:00:00.000Z,"',",333,",",251,)
",(",401531427,",",2023,",",2,",'",2023-09-09T23:00:00.000Z,"',",2032,",",235,)
",(",401525831,",",2023,",",2,",'",2023-09-09T23:00:00.000Z,"',",242,",",248,)
",(",401520206,",",2023,",",2,",'",2023-09-09T23:00:00.000Z,"',",142,",",2393,)
",(",401525827,",",2023,",",2,",'",2023-09-09T23:00:00.000Z,"',",68,",",2116,)
",(",401520218,",",2023,",",2,",'",2023-09-09T23:00:00.000Z,"',",98,",",2277,)
",(",401524002,",",2023,",",2,",'",2023-09-09T23:00:00.000Z,"',",2641,",",2483,)
",(",401520192,",",2023,",",2,",'",2023-09-09T23:00:00.000Z,"',",2247,",",41,)
",(",401520187,",",2023,",",2,",'",2023-09-09T23:00:00.000Z,"',",324,",",55,)
",(",401520212,",",2023,",",2,",'",2023-09-09T23:30:00.000Z,"',",2579,",",231,)
",(",401520200,",",2023,",",2,",'",2023-09-09T23:30:00.000Z,"',",120,",",2429,)
",(",401524001,",",2023,",",2,",'",2023-09-09T23:30:00.000Z,"',",21,",",26,)
",(",401520199,",",2023,",",2,",'",2023-09-09T23:30:00.000Z,"',",99,",",2755,)
",(",401520204,",",2023,",",2,",'",2023-09-09T23:30:00.000Z,"',",135,",",2199,)
",(",401520217,",",2023,",",2,",'",2023-09-09T23:30:00.000Z,"',",265,",",275,)
",(",401520205,",",2023,",",2,",'",2023-09-09T23:30:00.000Z,"',",344,",",12,)
",(",401520210,",",2023,",",2,",'",2023-09-09T23:30:00.000Z,"',",164,",",218,)
",(",401520190,",",2023,",",2,",'",2023-09-09T23:30:00.000Z,"',",57,",",2377,)
",(",401532577,",",2023,",",2,",'",2023-09-10T00:00:00.000Z,"',",167,",",2635,)
",(",401532579,",",2023,",",2,",'",2023-09-10T00:00:00.000Z,"',",328,",",304,)
",(",401525832,",",2023,",",2,",'",2023-09-10T00:00:00.000Z,"',",2628,",",2447,)
",(",401520211,",",2023,",",2,",'",2023-09-10T00:00:00.000Z,"',",2534,",",2005,)
",(",401531843,",",2023,",",2,",'",2023-09-10T00:00:00.000Z,"',",2433,",",2320,)
",(",401525493,",",2023,",",2,",'",2023-09-10T00:30:00.000Z,"',",52,",",2572,)
",(",401524000,",",2023,",",2,",'",2023-09-10T01:00:00.000Z,"',",204,",",302,)
",(",401520186,",",2023,",",2,",'",2023-09-10T02:30:00.000Z,"',",25,",",2,)
",(",401524003,",",2023,",",2,",'",2023-09-10T02:30:00.000Z,"',",30,",",24,)
",(",401523998,",",2023,",",2,",'",2023-09-10T02:30:00.000Z,"',",9,",",197,)
",(",401532575,",",2023,",",2,",'",2023-09-10T03:59:00.000Z,"',",62,",",399,)
",(",401525499,",",2023,",",3,",'",2023-09-14T23:30:00.000Z,"',",2390,",",2065,)
",(",401531428,",",2023,",",3,",'",2023-09-14T23:30:00.000Z,"',",235,",",2426,)
",(",401520231,",",2023,",",3,",'",2023-09-15T23:00:00.000Z,"',",120,",",258,)
",(",401531396,",",2023,",",3,",'",2023-09-15T23:00:00.000Z,"',",2636,",",349,)
",(",401532581,",",2023,",",3,",'",2023-09-16T00:00:00.000Z,"',",2005,",",328,)
",(",401520230,",",2023,",",3,",'",2023-09-16T16:00:00.000Z,"',",84,",",97,)
",(",401520226,",",2023,",",3,",'",2023-09-16T16:00:00.000Z,"',",356,",",213,)
",(",401525838,",",2023,",",3,",'",2023-09-16T16:00:00.000Z,"',",195,",",66,)
",(",401532404,",",2023,",",3,",'",2023-09-16T16:00:00.000Z,"',",2309,",",2115,)
",(",401520222,",",2023,",",3,",'",2023-09-16T16:00:00.000Z,"',",2084,",",2335,)
",(",401525500,",",2023,",",3,",'",2023-09-16T16:00:00.000Z,"',",103,",",52,)
",(",401520249,",",2023,",",3,",'",2023-09-16T16:00:00.000Z,"',",275,",",290,)
",(",401525504,",",2023,",",3,",'",2023-09-16T16:00:00.000Z,"',",295,",",154,)
",(",401520236,",",2023,",",3,",'",2023-09-16T16:00:00.000Z,"',",142,",",2306,)
",(",401532582,",",2023,",",3,",'",2023-09-16T16:00:00.000Z,"',",68,",",155,)
",(",401520235,",",2023,",",3,",'",2023-09-16T16:00:00.000Z,"',",344,",",99,)
",(",401525834,",",2023,",",3,",'",2023-09-16T16:00:00.000Z,"',",239,",",112358,)
",(",401524012,",",2023,",",3,",'",2023-09-16T18:00:00.000Z,"',",254,",",2692,)
",(",401532402,",",2023,",",3,",'",2023-09-16T18:00:00.000Z,"',",2050,",",282,)
",(",401526834,",",2023,",",3,",'",2023-09-16T18:00:00.000Z,"',",2199,",",113,)
",(",401525502,",",2023,",",3,",'",2023-09-16T18:00:00.000Z,"',",152,",",2678,)
",(",401531388,",",2023,",",3,",'",2023-09-16T18:00:00.000Z,"',",218,",",2450,)
",(",401525437,",",2023,",",3,",'",2023-09-16T18:30:00.000Z,"',",87,",",2117,)
",(",401525842,",",2023,",",3,",'",2023-09-16T19:30:00.000Z,"',",202,",",201,)
",(",401520239,",",2023,",",3,",'",2023-09-16T19:30:00.000Z,"',",153,",",135,)
",(",401531412,",",2023,",",3,",'",2023-09-16T19:30:00.000Z,"',",2026,",",151,)
",(",401520223,",",2023,",",3,",'",2023-09-16T19:30:00.000Z,"',",150,",",77,)
",(",401520243,",",2023,",",3,",'",2023-09-16T19:30:00.000Z,"',",164,",",259,)
",(",401520244,",",2023,",",3,",'",2023-09-16T19:30:00.000Z,"',",58,",",333,)
",(",401524009,",",2023,",",3,",'",2023-09-16T19:30:00.000Z,"',",204,",",21,)
",(",401520246,",",2023,",",3,",'",2023-09-16T19:30:00.000Z,"',",41,",",2229,)
",(",401520227,",",2023,",",3,",'",2023-09-16T19:30:00.000Z,"',",2294,",",2711,)
",(",401520225,",",2023,",",3,",'",2023-09-16T19:30:00.000Z,"',",61,",",2579,)
",(",401520240,",",2023,",",3,",'",2023-09-16T20:00:00.000Z,"',",194,",",98,)
",(",401524006,",",2023,",",3,",'",2023-09-16T20:00:00.000Z,"',",25,",",70,)
",(",401520245,",",2023,",",3,",'",2023-09-16T20:00:00.000Z,"',",245,",",2433,)
",(",401531348,",",2023,",",3,",'",2023-09-16T20:00:00.000Z,"',",2572,",",2655,)
",(",401524013,",",2023,",",3,",'",2023-09-16T21:00:00.000Z,"',",265,",",2458,)
",(",401524011,",",2023,",",3,",'",2023-09-16T21:00:00.000Z,"',",26,",",2428,)
",(",401520233,",",2023,",",3,",'",2023-09-16T21:00:00.000Z,"',",127,",",264,)
",(",401531403,",",2023,",",3,",'",2023-09-16T22:00:00.000Z,"',",2429,",",2247,)
",(",401525843,",",2023,",",3,",'",2023-09-16T22:30:00.000Z,"',",2116,",",222,)
",(",401531848,",",2023,",",3,",'",2023-09-16T23:00:00.000Z,"',",2653,",",256,)
",(",401531847,",",2023,",",3,",'",2023-09-16T23:00:00.000Z,"',",326,",",2296,)
",(",401520234,",",2023,",",3,",'",2023-09-16T23:00:00.000Z,"',",2393,",",93,)
",(",401520221,",",2023,",",3,",'",2023-09-16T23:00:00.000Z,"',",2,",",2535,)
",(",401531438,",",2023,",",3,",'",2023-09-16T23:00:00.000Z,"',",2567,",",2504,)
",(",401531845,",",2023,",",3,",'",2023-09-16T23:00:00.000Z,"',",324,",",2184,)
",(",401531441,",",2023,",",3,",'",2023-09-16T23:00:00.000Z,"',",242,",",2640,)
",(",401520229,",",2023,",",3,",'",2023-09-16T23:00:00.000Z,"',",2348,",",249,)
",(",401525839,",",2023,",",3,",'",2023-09-16T23:00:00.000Z,"',",197,",",6,)
",(",401520224,",",2023,",",3,",'",2023-09-16T23:00:00.000Z,"',",57,",",2633,)
",(",401531846,",",2023,",",3,",'",2023-09-16T23:00:00.000Z,"',",2032,",",2619,)
",(",401525835,",",2023,",",3,",'",2023-09-16T23:00:00.000Z,"',",2132,",",193,)
",(",401525841,",",2023,",",3,",'",2023-09-16T23:00:00.000Z,"',",2641,",",2627,)
",(",401520247,",",2023,",",3,",'",2023-09-16T23:00:00.000Z,"',",2439,",",238,)
",(",401520237,",",2023,",",3,",'",2023-09-16T23:00:00.000Z,"',",158,",",2459,)
",(",401531379,",",2023,",",3,",'",2023-09-16T23:00:00.000Z,"',",5,",",309,)
",(",401532403,",",2023,",",3,",'",2023-09-16T23:00:00.000Z,"',",2649,",",23,)
",(",401520228,",",2023,",",3,",'",2023-09-16T23:30:00.000Z,"',",96,",",2006,)
",(",401525503,",",2023,",",3,",'",2023-09-16T23:30:00.000Z,"',",277,",",221,)
",(",401520232,",",2023,",",3,",'",2023-09-16T23:30:00.000Z,"',",130,",",189,)
",(",401520242,",",2023,",",3,",'",2023-09-16T23:30:00.000Z,"',",2509,",",183,)
",(",401520241,",",2023,",",3,",'",2023-09-16T23:30:00.000Z,"',",145,",",59,)
",(",401520220,",",2023,",",3,",'",2023-09-16T23:30:00.000Z,"',",8,",",252,)
",(",401520238,",",2023,",",3,",'",2023-09-17T00:00:00.000Z,"',",167,",",166,)
",(",401525501,",",2023,",",3,",'",2023-09-17T00:00:00.000Z,"',",228,",",2226,)
",(",401525836,",",2023,",",3,",'",2023-09-17T00:00:00.000Z,"',",248,",",2628,)
",(",401524008,",",2023,",",3,",'",2023-09-17T00:00:00.000Z,"',",2483,",",62,)
",(",401524010,",",2023,",",3,",'",2023-09-17T00:00:00.000Z,"',",24,",",16,)
",(",401525840,",",2023,",",3,",'",2023-09-17T00:00:00.000Z,"',",251,",",2751,)
",(",401524007,",",2023,",",3,",'",2023-09-17T02:00:00.000Z,"',",38,",",36,)
",(",401525837,",",2023,",",3,",'",2023-09-17T02:30:00.000Z,"',",2440,",",2305,)
",(",401524005,",",2023,",",3,",'",2023-09-17T02:30:00.000Z,"',",9,",",278,)
",(",401520219,",",2023,",",3,",'",2023-09-17T03:00:00.000Z,"',",12,",",2638,)
",(",401531849,",",2023,",",4,",'",2023-09-21T23:30:00.000Z,"',",324,",",2247,)
",(",401520266,",",2023,",",4,",'",2023-09-22T23:00:00.000Z,"',",2509,",",275,)
",(",401525505,",",2023,",",4,",'",2023-09-22T23:30:00.000Z,"',",258,",",152,)
",(",401532584,",",2023,",",4,",'",2023-09-23T02:30:00.000Z,"',",23,",",2005,)
",(",401532583,",",2023,",",4,",'",2023-09-23T02:30:00.000Z,"',",21,",",68,)
",(",401520252,",",2023,",",4,",'",2023-09-23T04:00:00.000Z,"',",61,",",5,)
",(",401525845,",",2023,",",4,",'",2023-09-23T04:00:00.000Z,"',",2132,",",201,)
",(",401531349,",",2023,",",4,",'",2023-09-23T04:00:00.000Z,"',",2655,",",2447,)
",(",401520264,",",2023,",",4,",'",2023-09-23T04:00:00.000Z,"',",77,",",135,)
",(",401525844,",",2023,",",4,",'",2023-09-23T04:00:00.000Z,"',",239,",",251,)
",(",401525846,",",2023,",",4,",'",2023-09-23T04:00:00.000Z,"',",66,",",197,)
",(",401531871,",",2023,",",4,",'",2023-09-23T04:00:00.000Z,"',",2050,",",290,)
",(",401520274,",",2023,",",4,",'",2023-09-23T04:00:00.000Z,"',",238,",",96,)
",(",401525850,",",2023,",",4,",'",2023-09-23T04:00:00.000Z,"',",277,",",2641,)
",(",401520268,",",2023,",",4,",'",2023-09-23T04:00:00.000Z,"',",183,",",349,)
",(",401531874,",",2023,",",4,",'",2023-09-23T04:00:00.000Z,"',",2032,",",2572,)
",(",401524019,",",2023,",",4,",'",2023-09-23T04:00:00.000Z,"',",265,",",204,)
",(",401520250,",",2023,",",4,",'",2023-09-23T04:00:00.000Z,"',",333,",",145,)
",(",401520269,",",2023,",",4,",'",2023-09-23T04:00:00.000Z,"',",2633,",",2636,)
",(",401524015,",",2023,",",4,",'",2023-09-23T04:00:00.000Z,"',",2483,",",38,)
",(",401525510,",",2023,",",4,",'",2023-09-23T04:00:00.000Z,"',",221,",",153,)
",(",401524014,",",2023,",",4,",'",2023-09-23T04:00:00.000Z,"',",9,",",30,)
",(",401520267,",",2023,",",4,",'",2023-09-23T04:00:00.000Z,"',",2579,",",344,)
",(",401524017,",",2023,",",4,",'",2023-09-23T04:00:00.000Z,"',",254,",",26,)
",(",401525508,",",2023,",",4,",'",2023-09-23T04:00:00.000Z,"',",154,",",59,)
",(",401531423,",",2023,",",4,",'",2023-09-23T04:00:00.000Z,"',",58,",",242,)
",(",401524018,",",2023,",",4,",'",2023-09-23T04:00:00.000Z,"',",264,",",25,)
",(",401525509,",",2023,",",4,",'",2023-09-23T04:00:00.000Z,"',",218,",",2390,)
",(",401524016,",",2023,",",4,",'",2023-09-23T04:00:00.000Z,"',",24,",",12,)
",(",401525511,",",2023,",",4,",'",2023-09-23T04:00:00.000Z,"',",276,",",259,)
",(",401520258,",",2023,",",4,",'",2023-09-23T04:00:00.000Z,"',",99,",",8,)
",(",401520270,",",2023,",",4,",'",2023-09-23T04:00:00.000Z,"',",245,",",2,)
",(",401525506,",",2023,",",4,",'",2023-09-23T04:00:00.000Z,"',",97,",",103,)
",(",401520255,",",2023,",",4,",'",2023-09-23T04:00:00.000Z,"',",356,",",2226,)
",(",401520263,",",2023,",",4,",'",2023-09-23T04:00:00.000Z,"',",158,",",2348,)
",(",401525507,",",2023,",",4,",'",2023-09-23T04:00:00.000Z,"',",228,",",52,)
",(",401531875,",",2023,",",4,",'",2023-09-23T04:00:00.000Z,"',",309,",",2084,)
",(",401525849,",",2023,",",4,",'",2023-09-23T04:00:00.000Z,"',",2628,",",2567,)
",(",401525847,",",2023,",",4,",'",2023-09-23T04:00:00.000Z,"',",2305,",",252,)
",(",401531876,",",2023,",",4,",'",2023-09-23T04:00:00.000Z,"',",6,",",2117,)
",(",401526835,",",2023,",",4,",'",2023-09-23T04:00:00.000Z,"',",113,",",167,)
",(",401520259,",",2023,",",4,",'",2023-09-23T04:00:00.000Z,"',",142,",",235,)
",(",401520256,",",2023,",",4,",'",2023-09-23T04:00:00.000Z,"',",84,",",2006,)
",(",401525848,",",2023,",",4,",'",2023-09-23T04:00:00.000Z,"',",2306,",",2116,)
",(",401531338,",",2023,",",4,",'",2023-09-23T04:00:00.000Z,"',",2459,",",202,)
",(",401532406,",",2023,",",4,",'",2023-09-23T04:00:00.000Z,"',",2649,",",2711,)
",(",401520260,",",2023,",",4,",'",2023-09-23T16:00:00.000Z,"',",130,",",164,)
",(",401532408,",",2023,",",4,",'",2023-09-23T19:30:00.000Z,"',",193,",",2169,)
",(",401531873,",",2023,",",4,",'",2023-09-23T19:30:00.000Z,"',",295,",",2837,)
",(",401520261,",",2023,",",4,",'",2023-09-23T19:30:00.000Z,"',",127,",",120,)
",(",401520272,",",2023,",",4,",'",2023-09-23T19:30:00.000Z,"',",41,",",150,)
",(",401532405,",",2023,",",4,",'",2023-09-23T19:30:00.000Z,"',",189,",",195,)
",(",401520257,",",2023,",",4,",'",2023-09-23T21:00:00.000Z,"',",55,",",2199,)
",(",401531413,",",2023,",",4,",'",2023-09-23T22:00:00.000Z,"',",151,",",2241,)
",(",401520275,",",2023,",",4,",'",2023-09-23T22:30:00.000Z,"',",2229,",",2335,)
",(",401531877,",",2023,",",4,",'",2023-09-23T23:00:00.000Z,"',",326,",",2440,)
",(",401531870,",",2023,",",4,",'",2023-09-23T23:00:00.000Z,"',",2751,",",2026,)
",(",401520254,",",2023,",",4,",'",2023-09-23T23:00:00.000Z,"',",248,",",2534,)
",(",401520251,",",2023,",",4,",'",2023-09-23T23:00:00.000Z,"',",57,",",2429,)
",(",401520271,",",2023,",",4,",'",2023-09-23T23:00:00.000Z,"',",2653,",",98,)
",(",401520262,",",2023,",",4,",'",2023-09-23T23:00:00.000Z,"',",2393,",",36,)
",(",401521330,",",2023,",",4,",'",2023-09-23T23:30:00.000Z,"',",87,",",194,)
",(",401520265,",",2023,",",4,",'",2023-09-23T23:30:00.000Z,"',",213,",",2294,)
",(",401531872,",",2023,",",4,",'",2023-09-24T00:00:00.000Z,"',",328,",",256,)
",(",401520273,",",2023,",",4,",'",2023-09-24T01:00:00.000Z,"',",2638,",",2439,)
",(",401532407,",",2023,",",4,",'",2023-09-24T02:30:00.000Z,"',",278,",",2309,)
",(",401520253,",",2023,",",4,",'",2023-09-24T03:59:00.000Z,"',",62,",",166,)
",(",401531339,",",2023,",",5,",'",2023-09-28T23:30:00.000Z,"',",202,",",218,)
",(",401520277,",",2023,",",5,",'",2023-09-28T23:30:00.000Z,"',",98,",",2393,)
",(",401520276,",",2023,",",5,",'",2023-09-29T00:00:00.000Z,"',",2534,",",55,)
",(",401525512,",",2023,",",5,",'",2023-09-29T23:00:00.000Z,"',",152,",",97,)
",(",401520278,",",2023,",",5,",'",2023-09-30T01:00:00.000Z,"',",2638,",",2348,)
",(",401524020,",",2023,",",5,",'",2023-09-30T01:00:00.000Z,"',",204,",",254,)
",(",401525851,",",2023,",",5,",'",2023-09-30T02:15:00.000Z,"',",252,",",2132,)
",(",401531429,",",2023,",",5,",'",2023-09-30T04:00:00.000Z,"',",235,",",68,)
",(",401531882,",",2023,",",5,",'",2023-09-30T04:00:00.000Z,"',",2433,",",2026,)
",(",401532410,",",2023,",",5,",'",2023-09-30T04:00:00.000Z,"',",2117,",",2199,)
",(",401531414,",",2023,",",5,",'",2023-09-30T04:00:00.000Z,"',",242,",",151,)
",(",401525855,",",2023,",",5,",'",2023-09-30T04:00:00.000Z,"',",2641,",",248,)
",(",401520290,",",2023,",",5,",'",2023-09-30T04:00:00.000Z,"',",164,",",2681,)
",(",401532412,",",2023,",",5,",'",2023-09-30T04:00:00.000Z,"',",2006,",",2084,)
",(",401531436,",",2023,",",5,",'",2023-09-30T04:00:00.000Z,"',",249,",",2000,)
",(",401532413,",",2023,",",5,",'",2023-09-30T04:00:00.000Z,"',",2309,",",193,)
",(",401531370,",",2023,",",5,",'",2023-09-30T04:00:00.000Z,"',",2655,",",5,)
",(",401532587,",",2023,",",5,",'",2023-09-30T04:00:00.000Z,"',",278,",",2440,)
",(",401526836,",",2023,",",5,",'",2023-09-30T04:00:00.000Z,"',",113,",",2032,)
",(",401520289,",",2023,",",5,",'",2023-09-30T04:00:00.000Z,"',",2509,",",356,)
",(",401520291,",",2023,",",5,",'",2023-09-30T04:00:00.000Z,"',",2633,",",2579,)
",(",401531883,",",2023,",",5,",'",2023-09-30T04:00:00.000Z,"',",2572,",",326,)
",(",401525852,",",2023,",",5,",'",2023-09-30T04:00:00.000Z,"',",201,",",66,)
",(",401520286,",",2023,",",5,",'",2023-09-30T04:00:00.000Z,"',",158,",",130,)
",(",401531881,",",2023,",",5,",'",2023-09-30T04:00:00.000Z,"',",276,",",295,)
",(",401520282,",",2023,",",5,",'",2023-09-30T04:00:00.000Z,"',",96,",",57,)
",(",401520280,",",2023,",",5,",'",2023-09-30T04:00:00.000Z,"',",2,",",61,)
",(",401531880,",",2023,",",5,",'",2023-09-30T04:00:00.000Z,"',",256,",",6,)
",(",401525856,",",2023,",",5,",'",2023-09-30T04:00:00.000Z,"',",2116,",",239,)
",(",401520287,",",2023,",",5,",'",2023-09-30T04:00:00.000Z,"',",77,",",213,)
",(",401532409,",",2023,",",5,",'",2023-09-30T04:00:00.000Z,"',",2711,",",2050,)
",(",401520288,",",2023,",",5,",'",2023-09-30T04:00:00.000Z,"',",145,",",99,)
",(",401520283,",",2023,",",5,",'",2023-09-30T04:00:00.000Z,"',",120,",",84,)
",(",401525514,",",2023,",",5,",'",2023-09-30T04:00:00.000Z,"',",183,",",228,)
",(",401531404,",",2023,",",5,",'",2023-09-30T04:00:00.000Z,"',",2567,",",2429,)
",(",401525516,",",2023,",",5,",'",2023-09-30T04:00:00.000Z,"',",259,",",221,)
",(",401524022,",",2023,",",5,",'",2023-09-30T04:00:00.000Z,"',",25,",",9,)
",(",401520279,",",2023,",",5,",'",2023-09-30T04:00:00.000Z,"',",8,",",245,)
",(",401520293,",",2023,",",5,",'",2023-09-30T04:00:00.000Z,"',",238,",",142,)
",(",401524023,",",2023,",",5,",'",2023-09-30T04:00:00.000Z,"',",38,",",30,)
",(",401525513,",",2023,",",5,",'",2023-09-30T04:00:00.000Z,"',",103,",",258,)
",(",401525853,",",2023,",",5,",'",2023-09-30T04:00:00.000Z,"',",2628,",",277,)
",(",401531879,",",2023,",",5,",'",2023-09-30T04:00:00.000Z,"',",2247,",",2653,)
",(",401520285,",",2023,",",5,",'",2023-09-30T04:00:00.000Z,"',",344,",",333,)
",(",401525438,",",2023,",",5,",'",2023-09-30T04:00:00.000Z,"',",150,",",87,)
",(",401520281,",",2023,",",5,",'",2023-09-30T04:00:00.000Z,"',",2294,",",127,)
",(",401524021,",",2023,",",5,",'",2023-09-30T04:00:00.000Z,"',",12,",",264,)
",(",401525854,",",2023,",",5,",'",2023-09-30T04:00:00.000Z,"',",251,",",2305,)
",(",401524024,",",2023,",",5,",'",2023-09-30T04:00:00.000Z,"',",24,",",2483,)
",(",401525515,",",2023,",",5,",'",2023-09-30T04:00:00.000Z,"',",59,",",189,)
",(",401520292,",",2023,",",5,",'",2023-09-30T16:00:00.000Z,"',",41,",",328,)
",(",401520284,",",2023,",",5,",'",2023-09-30T16:00:00.000Z,"',",135,",",309,)
",(",401531424,",",2023,",",5,",'",2023-09-30T19:30:00.000Z,"',",2426,",",58,)
",(",401532411,",",2023,",",5,",'",2023-09-30T19:30:00.000Z,"',",2649,",",2459,)
",(",401532588,",",2023,",",5,",'",2023-09-30T20:00:00.000Z,"',",2751,",",167,)
",(",401532586,",",2023,",",5,",'",2023-09-30T20:00:00.000Z,"',",2439,",",62,)
",(",401531878,",",2023,",",5,",'",2023-09-30T22:00:00.000Z,"',",290,",",324,)
",(",401532585,",",2023,",",5,",'",2023-09-30T23:00:00.000Z,"',",36,",",3101,)
",(",401532589,",",2023,",",5,",'",2023-10-01T00:00:00.000Z,"',",2005,",",21,)
",(",401520294,",",2023,",",6,",'",2023-10-05T00:00:00.000Z,"',",2393,",",55,)
",(",401520297,",",2023,",",6,",'",2023-10-05T01:00:00.000Z,"',",166,",",2229,)
",(",401520296,",",2023,",",6,",'",2023-10-05T23:00:00.000Z,"',",2335,",",2534,)
",(",401520295,",",2023,",",6,",'",2023-10-06T00:00:00.000Z,"',",2348,",",98,)
",(",401525857,",",2023,",",6,",'",2023-10-06T23:30:00.000Z,"',",197,",",2306,)
",(",401520301,",",2023,",",6,",'",2023-10-07T00:00:00.000Z,"',",356,",",158,)
",(",401525519,",",2023,",",6,",'",2023-10-07T04:00:00.000Z,"',",2390,",",59,)
",(",401525522,",",2023,",",6,",'",2023-10-07T04:00:00.000Z,"',",258,",",2729,)
",(",401531884,",",2023,",",6,",'",2023-10-07T04:00:00.000Z,"',",309,",",326,)
",(",401531885,",",2023,",",6,",'",2023-10-07T04:00:00.000Z,"',",2433,",",6,)
",(",401525517,",",2023,",",6,",'",2023-10-07T04:00:00.000Z,"',",228,",",154,)
",(",401520303,",",2023,",",6,",'",2023-10-07T04:00:00.000Z,"',",135,",",130,)
",(",401520309,",",2023,",",6,",'",2023-10-07T04:00:00.000Z,"',",242,",",41,)
",(",401525861,",",2023,",",6,",'",2023-10-07T04:00:00.000Z,"',",201,",",251,)
",(",401531886,",",2023,",",6,",'",2023-10-07T04:00:00.000Z,"',",2572,",",295,)
",(",401520311,",",2023,",",6,",'",2023-10-07T04:00:00.000Z,"',",275,",",164,)
",(",401525439,",",2023,",",6,",'",2023-10-07T04:00:00.000Z,"',",97,",",87,)
",(",401525518,",",2023,",",6,",'",2023-10-07T04:00:00.000Z,"',",52,",",259,)
",(",401525521,",",2023,",",6,",'",2023-10-07T04:00:00.000Z,"',",152,",",276,)
",(",401520300,",",2023,",",6,",'",2023-10-07T04:00:00.000Z,"',",61,",",96,)
",(",401532415,",",2023,",",6,",'",2023-10-07T04:00:00.000Z,"',",2084,",",2117,)
",(",401520307,",",2023,",",6,",'",2023-10-07T04:00:00.000Z,"',",194,",",120,)
",(",401525858,",",2023,",",6,",'",2023-10-07T04:00:00.000Z,"',",239,",",2641,)
",(",401525860,",",2023,",",6,",'",2023-10-07T04:00:00.000Z,"',",2305,",",2116,)
",(",401520302,",",2023,",",6,",'",2023-10-07T04:00:00.000Z,"',",2294,",",2509,)
",(",401524028,",",2023,",",6,",'",2023-10-07T04:00:00.000Z,"',",26,",",265,)
",(",401525859,",",2023,",",6,",'",2023-10-07T04:00:00.000Z,"',",66,",",2628,)
",(",401520299,",",2023,",",6,",'",2023-10-07T04:00:00.000Z,"',",57,",",238,)
",(",401524027,",",2023,",",6,",'",2023-10-07T04:00:00.000Z,"',",25,",",204,)
",(",401524026,",",2023,",",6,",'",2023-10-07T04:00:00.000Z,"',",9,",",38,)
",(",401520310,",",2023,",",6,",'",2023-10-07T04:00:00.000Z,"',",245,",",333,)
",(",401520304,",",2023,",",6,",'",2023-10-07T04:00:00.000Z,"',",344,",",2711,)
",(",401526837,",",2023,",",6,",'",2023-10-07T04:00:00.000Z,"',",113,",",2649,)
",(",401525520,",",2023,",",6,",'",2023-10-07T04:00:00.000Z,"',",153,",",183,)
",(",401524025,",",2023,",",6,",'",2023-10-07T04:00:00.000Z,"',",30,",",12,)
",(",401531389,",",2023,",",6,",'",2023-10-07T04:00:00.000Z,"',",218,",",2636,)
",(",401531380,",",2023,",",6,",'",2023-10-07T04:00:00.000Z,"',",5,",",58,)
",(",401532591,",",2023,",",6,",'",2023-10-07T04:00:00.000Z,"',",2751,",",278,)
",(",401520308,",",2023,",",6,",'",2023-10-07T04:00:00.000Z,"',",145,",",8,)
",(",401520305,",",2023,",",6,",'",2023-10-07T04:00:00.000Z,"',",142,",",99,)
",(",401531340,",",2023,",",6,",'",2023-10-07T04:00:00.000Z,"',",2226,",",202,)
",(",401520298,",",2023,",",6,",'",2023-10-07T16:00:00.000Z,"',",349,",",103,)
",(",401520306,",",2023,",",6,",'",2023-10-07T19:00:00.000Z,"',",77,",",47,)
",(",401531433,",",2023,",",6,",'",2023-10-07T19:30:00.000Z,"',",2426,",",249,)
",(",401532414,",",2023,",",6,",'",2023-10-07T19:30:00.000Z,"',",2199,",",2050,)
",(",401532418,",",2023,",",6,",'",2023-10-07T19:30:00.000Z,"',",2006,",",2459,)
",(",401532416,",",2023,",",6,",'",2023-10-07T19:30:00.000Z,"',",193,",",189,)
",(",401532417,",",2023,",",6,",'",2023-10-07T19:30:00.000Z,"',",195,",",2309,)
",(",401531887,",",2023,",",6,",'",2023-10-07T20:00:00.000Z,"',",2653,",",2032,)
",(",401532592,",",2023,",",6,",'",2023-10-08T00:00:00.000Z,"',",68,",",23,)
",(",401532590,",",2023,",",6,",'",2023-10-08T00:00:00.000Z,"',",328,",",36,)
",(",401520313,",",2023,",",7,",'",2023-10-10T23:00:00.000Z,"',",2393,",",2348,)
",(",401531888,",",2023,",",7,",'",2023-10-10T23:30:00.000Z,"',",2026,",",324,)
",(",401520312,",",2023,",",7,",'",2023-10-10T23:30:00.000Z,"',",55,",",2335,)
",(",401520314,",",2023,",",7,",'",2023-10-11T23:30:00.000Z,"',",2229,",",2638,)
",(",401520315,",",2023,",",7,",'",2023-10-12T01:00:00.000Z,"',",166,",",2534,)
",(",401525862,",",2023,",",7,",'",2023-10-12T23:00:00.000Z,"',",248,",",277,)
",(",401531415,",",2023,",",7,",'",2023-10-12T23:30:00.000Z,"',",151,",",2567,)
",(",401531371,",",2023,",",7,",'",2023-10-13T23:00:00.000Z,"',",235,",",2655,)
",(",401532594,",",2023,",",7,",'",2023-10-14T00:00:00.000Z,"',",328,",",278,)
",(",401524029,",",2023,",",7,",'",2023-10-14T02:00:00.000Z,"',",38,",",24,)
",(",401520327,",",2023,",",7,",'",2023-10-14T04:00:00.000Z,"',",238,",",61,)
",(",401520325,",",2023,",",7,",'",2023-10-14T04:00:00.000Z,"',",2579,",",57,)
",(",401524032,",",2023,",",7,",'",2023-10-14T04:00:00.000Z,"',",204,",",26,)
",(",401520318,",",2023,",",7,",'",2023-10-14T04:00:00.000Z,"',",96,",",142,)
",(",401520328,",",2023,",",7,",'",2023-10-14T04:00:00.000Z,"',",275,",",2294,)
",(",401520316,",",2023,",",7,",'",2023-10-14T04:00:00.000Z,"',",333,",",8,)
",(",401525863,",",2023,",",7,",'",2023-10-14T04:00:00.000Z,"',",2132,",",66,)
",(",401525526,",",2023,",",7,",'",2023-10-14T04:00:00.000Z,"',",153,",",2390,)
",(",401531889,",",2023,",",7,",'",2023-10-14T04:00:00.000Z,"',",2247,",",276,)
",(",401525523,",",2023,",",7,",'",2023-10-14T04:00:00.000Z,"',",150,",",152,)
",(",401524034,",",2023,",",7,",'",2023-10-14T04:00:00.000Z,"',",264,",",2483,)
",(",401532422,",",2023,",",7,",'",2023-10-14T04:00:00.000Z,"',",2199,",",2309,)
",(",401531381,",",2023,",",7,",'",2023-10-14T04:00:00.000Z,"',",2636,",",5,)
",(",401524033,",",2023,",",7,",'",2023-10-14T04:00:00.000Z,"',",254,",",25,)
",(",401525525,",",2023,",",7,",'",2023-10-14T04:00:00.000Z,"',",221,",",97,)
",(",401520326,",",2023,",",7,",'",2023-10-14T04:00:00.000Z,"',",2633,",",245,)
",(",401532593,",",2023,",",7,",'",2023-10-14T04:00:00.000Z,"',",36,",",68,)
",(",401520323,",",2023,",",7,",'",2023-10-14T04:00:00.000Z,"',",2509,",",194,)
",(",401520320,",",2023,",",7,",'",2023-10-14T04:00:00.000Z,"',",120,",",356,)
",(",401525527,",",2023,",",7,",'",2023-10-14T04:00:00.000Z,"',",259,",",154,)
",(",401525866,",",2023,",",7,",'",2023-10-14T04:00:00.000Z,"',",2641,",",2306,)
",(",401525864,",",2023,",",7,",'",2023-10-14T04:00:00.000Z,"',",197,",",2305,)
",(",401525865,",",2023,",",7,",'",2023-10-14T04:00:00.000Z,"',",2628,",",252,)
",(",401531420,",",2023,",",7,",'",2023-10-14T04:00:00.000Z,"',",58,",",2226,)
",(",401532419,",",2023,",",7,",'",2023-10-14T04:00:00.000Z,"',",2050,",",2649,)
",(",401520319,",",2023,",",7,",'",2023-10-14T04:00:00.000Z,"',",99,",",2,)
",(",401524030,",",2023,",",7,",'",2023-10-14T04:00:00.000Z,"',",265,",",12,)
",(",401531390,",",2023,",",7,",'",2023-10-14T04:00:00.000Z,"',",249,",",218,)
",(",401520321,",",2023,",",7,",'",2023-10-14T04:00:00.000Z,"',",130,",",84,)
",(",401525524,",",2023,",",7,",'",2023-10-14T04:00:00.000Z,"',",52,",",183,)
",(",401531890,",",2023,",",7,",'",2023-10-14T04:00:00.000Z,"',",256,",",290,)
",(",401531405,",",2023,",",7,",'",2023-10-14T04:00:00.000Z,"',",2429,",",2426,)
",(",401520324,",",2023,",",7,",'",2023-10-14T16:00:00.000Z,"',",164,",",127,)
",(",401520317,",",2023,",",7,",'",2023-10-14T19:30:00.000Z,"',",349,",",2653,)
",(",401532421,",",2023,",",7,",'",2023-10-14T19:30:00.000Z,"',",2084,",",189,)
",(",401520322,",",2023,",",7,",'",2023-10-14T19:30:00.000Z,"',",213,",",113,)
",(",401532424,",",2023,",",7,",'",2023-10-14T19:30:00.000Z,"',",2459,",",195,)
",(",401532420,",",2023,",",7,",'",2023-10-14T19:30:00.000Z,"',",2117,",",2006,)
",(",401532423,",",2023,",",7,",'",2023-10-14T19:30:00.000Z,"',",2711,",",193,)
",(",401532597,",",2023,",",7,",'",2023-10-14T21:00:00.000Z,"',",2440,",",2439,)
",(",401532596,",",2023,",",7,",'",2023-10-14T22:00:00.000Z,"',",167,",",23,)
",(",401531891,",",2023,",",7,",'",2023-10-14T23:00:00.000Z,"',",326,",",2433,)
",(",401532598,",",2023,",",7,",'",2023-10-14T23:00:00.000Z,"',",2005,",",2751,)
",(",401524031,",",2023,",",7,",'",2023-10-14T23:30:00.000Z,"',",87,",",30,)
",(",401532595,",",2023,",",7,",'",2023-10-15T03:00:00.000Z,"',",62,",",21,)
",(",401520330,",",2023,",",8,",'",2023-10-17T23:00:00.000Z,"',",2335,",",2393,)
",(",401520329,",",2023,",",8,",'",2023-10-17T23:30:00.000Z,"',",55,",",98,)
",(",401531892,",",2023,",",8,",'",2023-10-17T23:30:00.000Z,"',",6,",",2572,)
",(",401520331,",",2023,",",8,",'",2023-10-18T23:00:00.000Z,"',",2534,",",2229,)
",(",401520332,",",2023,",",8,",'",2023-10-19T01:00:00.000Z,"',",2638,",",166,)
",(",401531341,",",2023,",",8,",'",2023-10-19T23:00:00.000Z,"',",202,",",242,)
",(",401531893,",",2023,",",8,",'",2023-10-19T23:00:00.000Z,"',",276,",",256,)
",(",401531391,",",2023,",",8,",'",2023-10-20T23:00:00.000Z,"',",218,",",2567,)
",(",401531382,",",2023,",",8,",'",2023-10-21T04:00:00.000Z,"',",5,",",235,)
",(",401525530,",",2023,",",8,",'",2023-10-21T04:00:00.000Z,"',",52,",",150,)
",(",401520339,",",2023,",",8,",'",2023-10-21T04:00:00.000Z,"',",99,",",349,)
",(",401520336,",",2023,",",8,",'",2023-10-21T04:00:00.000Z,"',",356,",",275,)
",(",401531895,",",2023,",",8,",'",2023-10-21T04:00:00.000Z,"',",295,",",2026,)
",(",401525531,",",2023,",",8,",'",2023-10-21T04:00:00.000Z,"',",153,",",258,)
",(",401531372,",",2023,",",8,",'",2023-10-21T04:00:00.000Z,"',",2655,",",249,)
",(",401531896,",",2023,",",8,",'",2023-10-21T04:00:00.000Z,"',",2032,",",324,)
",(",401520338,",",2023,",",8,",'",2023-10-21T04:00:00.000Z,"',",2294,",",135,)
",(",401532428,",",2023,",",8,",'",2023-10-21T04:00:00.000Z,"',",195,",",2711,)
",(",401524036,",",2023,",",8,",'",2023-10-21T04:00:00.000Z,"',",24,",",26,)
",(",401532601,",",2023,",",8,",'",2023-10-21T04:00:00.000Z,"',",21,",",2440,)
",(",401532427,",",2023,",",8,",'",2023-10-21T04:00:00.000Z,"',",193,",",2649,)
",(",401520335,",",2023,",",8,",'",2023-10-21T04:00:00.000Z,"',",2,",",145,)
",(",401531406,",",2023,",",8,",'",2023-10-21T04:00:00.000Z,"',",151,",",2429,)
",(",401520341,",",2023,",",8,",'",2023-10-21T04:00:00.000Z,"',",142,",",2579,)
",(",401525868,",",2023,",",8,",'",2023-10-21T04:00:00.000Z,"',",2132,",",239,)
",(",401531897,",",2023,",",8,",'",2023-10-21T04:00:00.000Z,"',",309,",",2247,)
",(",401520342,",",2023,",",8,",'",2023-10-21T04:00:00.000Z,"',",158,",",77,)
",(",401525867,",",2023,",",8,",'",2023-10-21T04:00:00.000Z,"',",252,",",2641,)
",(",401525871,",",2023,",",8,",'",2023-10-21T04:00:00.000Z,"',",201,",",2116,)
",(",401524035,",",2023,",",8,",'",2023-10-21T04:00:00.000Z,"',",2483,",",265,)
",(",401525532,",",2023,",",8,",'",2023-10-21T04:00:00.000Z,"',",154,",",221,)
",(",401532429,",",2023,",",8,",'",2023-10-21T04:00:00.000Z,"',",189,",",2006,)
",(",401520334,",",2023,",",8,",'",2023-10-21T04:00:00.000Z,"',",8,",",344,)
",(",401524038,",",2023,",",8,",'",2023-10-21T04:00:00.000Z,"',",264,",",9,)
",(",401532426,",",2023,",",8,",'",2023-10-21T04:00:00.000Z,"',",2459,",",2199,)
",(",401524037,",",2023,",",8,",'",2023-10-21T04:00:00.000Z,"',",30,",",254,)
",(",401525872,",",2023,",",8,",'",2023-10-21T04:00:00.000Z,"',",277,",",197,)
",(",401525528,",",2023,",",8,",'",2023-10-21T04:00:00.000Z,"',",59,",",103,)
",(",401520340,",",2023,",",8,",'",2023-10-21T04:00:00.000Z,"',",127,",",130,)
",(",401525870,",",2023,",",8,",'",2023-10-21T04:00:00.000Z,"',",2306,",",2628,)
",(",401520333,",",2023,",",8,",'",2023-10-21T04:00:00.000Z,"',",333,",",2633,)
",(",401531397,",",2023,",",8,",'",2023-10-21T04:00:00.000Z,"',",2226,",",2636,)
",(",401525529,",",2023,",",8,",'",2023-10-21T04:00:00.000Z,"',",2390,",",228,)
",(",401525869,",",2023,",",8,",'",2023-10-21T04:00:00.000Z,"',",248,",",251,)
",(",401520343,",",2023,",",8,",'",2023-10-21T04:00:00.000Z,"',",194,",",213,)
",(",401520337,",",2023,",",8,",'",2023-10-21T16:00:00.000Z,"',",84,",",164,)
",(",401531434,",",2023,",",8,",'",2023-10-21T16:00:00.000Z,"',",2426,",",2005,)
",(",401531894,",",2023,",",8,",'",2023-10-21T18:00:00.000Z,"',",290,",",2433,)
",(",401532425,",",2023,",",8,",'",2023-10-21T19:30:00.000Z,"',",2050,",",2117,)
",(",401532430,",",2023,",",8,",'",2023-10-21T19:30:00.000Z,"',",2309,",",2084,)
",(",401520344,",",2023,",",8,",'",2023-10-21T19:30:00.000Z,"',",41,",",58,)
",(",401532600,",",2023,",",8,",'",2023-10-21T22:00:00.000Z,"',",167,",",62,)
",(",401532602,",",2023,",",8,",'",2023-10-21T23:00:00.000Z,"',",23,",",328,)
",(",401532599,",",2023,",",8,",'",2023-10-21T23:00:00.000Z,"',",2439,",",36,)
",(",401520345,",",2023,",",9,",'",2023-10-24T23:00:00.000Z,"',",2348,",",166,)
",(",401520346,",",2023,",",9,",'",2023-10-24T23:30:00.000Z,"',",98,",",2335,)
",(",401520347,",",2023,",",9,",'",2023-10-25T23:00:00.000Z,"',",2229,",",55,)
",(",401520348,",",2023,",",9,",'",2023-10-26T00:00:00.000Z,"',",2534,",",2638,)
",(",401531929,",",2023,",",9,",'",2023-10-26T23:30:00.000Z,"',",290,",",2247,)
",(",401525533,",",2023,",",9,",'",2023-10-26T23:30:00.000Z,"',",259,",",183,)
",(",401531407,",",2023,",",9,",'",2023-10-27T23:30:00.000Z,"',",2429,",",2226,)
",(",401525876,",",2023,",",9,",'",2023-10-28T04:00:00.000Z,"',",197,",",2132,)
",(",401532607,",",2023,",",9,",'",2023-10-28T04:00:00.000Z,"',",68,",",2751,)
",(",401531373,",",2023,",",9,",'",2023-10-28T04:00:00.000Z,"',",242,",",2655,)
",(",401531342,",",2023,",",9,",'",2023-10-28T04:00:00.000Z,"',",2567,",",202,)
",(",401532432,",",2023,",",9,",'",2023-10-28T04:00:00.000Z,"',",195,",",193,)
",(",401531398,",",2023,",",9,",'",2023-10-28T04:00:00.000Z,"',",2636,",",151,)
",(",401532606,",",2023,",",9,",'",2023-10-28T04:00:00.000Z,"',",278,",",2439,)
",(",401520350,",",2023,",",9,",'",2023-10-28T04:00:00.000Z,"',",2,",",344,)
",(",401532431,",",2023,",",9,",'",2023-10-28T04:00:00.000Z,"',",2199,",",2711,)
",(",401524041,",",2023,",",9,",'",2023-10-28T04:00:00.000Z,"',",25,",",30,)
",(",401525878,",",2023,",",9,",'",2023-10-28T04:00:00.000Z,"',",2116,",",277,)
",(",401524043,",",2023,",",9,",'",2023-10-28T04:00:00.000Z,"',",26,",",38,)
",(",401520360,",",2023,",",9,",'",2023-10-28T04:00:00.000Z,"',",275,",",194,)
",(",401524039,",",2023,",",9,",'",2023-10-28T04:00:00.000Z,"',",12,",",204,)
",(",401520354,",",2023,",",9,",'",2023-10-28T04:00:00.000Z,"',",135,",",127,)
",(",401524042,",",2023,",",9,",'",2023-10-28T04:00:00.000Z,"',",24,",",264,)
",(",401520357,",",2023,",",9,",'",2023-10-28T04:00:00.000Z,"',",145,",",238,)
",(",401524040,",",2023,",",9,",'",2023-10-28T04:00:00.000Z,"',",9,",",265,)
",(",401524044,",",2023,",",9,",'",2023-10-28T04:00:00.000Z,"',",254,",",2483,)
",(",401520355,",",2023,",",9,",'",2023-10-28T04:00:00.000Z,"',",158,",",2509,)
",(",401520353,",",2023,",",9,",'",2023-10-28T04:00:00.000Z,"',",96,",",2633,)
",(",401520356,",",2023,",",9,",'",2023-10-28T04:00:00.000Z,"',",77,",",120,)
",(",401520359,",",2023,",",9,",'",2023-10-28T04:00:00.000Z,"',",245,",",2579,)
",(",401525875,",",2023,",",9,",'",2023-10-28T04:00:00.000Z,"',",2306,",",248,)
",(",401531899,",",2023,",",9,",'",2023-10-28T04:00:00.000Z,"',",324,",",276,)
",(",401525537,",",2023,",",9,",'",2023-10-28T04:00:00.000Z,"',",59,",",153,)
",(",401525873,",",2023,",",9,",'",2023-10-28T04:00:00.000Z,"',",239,",",66,)
",(",401520351,",",2023,",",9,",'",2023-10-28T04:00:00.000Z,"',",103,",",41,)
",(",401531900,",",2023,",",9,",'",2023-10-28T04:00:00.000Z,"',",256,",",295,)
",(",401531430,",",2023,",",9,",'",2023-10-28T04:00:00.000Z,"',",249,",",235,)
",(",401525538,",",2023,",",9,",'",2023-10-28T04:00:00.000Z,"',",2390,",",258,)
",(",401525877,",",2023,",",9,",'",2023-10-28T04:00:00.000Z,"',",251,",",252,)
",(",401520358,",",2023,",",9,",'",2023-10-28T04:00:00.000Z,"',",213,",",84,)
",(",401525874,",",2023,",",9,",'",2023-10-28T04:00:00.000Z,"',",2305,",",201,)
",(",401525536,",",2023,",",9,",'",2023-10-28T04:00:00.000Z,"',",154,",",52,)
",(",401531902,",",2023,",",9,",'",2023-10-28T04:00:00.000Z,"',",6,",",309,)
",(",401525535,",",2023,",",9,",'",2023-10-28T04:00:00.000Z,"',",97,",",150,)
",(",401531898,",",2023,",",9,",'",2023-10-28T04:00:00.000Z,"',",2026,",",2572,)
",(",401531901,",",2023,",",9,",'",2023-10-28T04:00:00.000Z,"',",2433,",",2032,)
",(",401525534,",",2023,",",9,",'",2023-10-28T04:00:00.000Z,"',",152,",",228,)
",(",401520349,",",2023,",",9,",'",2023-10-28T16:00:00.000Z,"',",349,",",113,)
",(",401531903,",",2023,",",9,",'",2023-10-28T19:00:00.000Z,"',",326,",",2653,)
",(",401520352,",",2023,",",9,",'",2023-10-28T19:30:00.000Z,"',",57,",",61,)
",(",401525440,",",2023,",",9,",'",2023-10-28T19:30:00.000Z,"',",87,",",221,)
",(",401532603,",",2023,",",9,",'",2023-10-28T23:00:00.000Z,"',",36,",",2005,)
",(",401532604,",",2023,",",9,",'",2023-10-29T02:30:00.000Z,"',",2440,",",167,)
",(",401532605,",",2023,",",9,",'",2023-10-29T03:59:00.000Z,"',",62,",",23,)
",(",401532433,",",2023,",",10,",'",2023-10-31T04:00:00.000Z,"',",2117,",",2459,)
",(",401532434,",",2023,",",10,",'",2023-10-31T04:00:00.000Z,"',",2649,",",2084,)
",(",401532436,",",2023,",",10,",'",2023-11-01T04:00:00.000Z,"',",2006,",",2309,)
",(",401532435,",",2023,",",10,",'",2023-11-01T04:00:00.000Z,"',",189,",",2050,)
",(",401525879,",",2023,",",10,",'",2023-11-02T23:00:00.000Z,"',",2641,",",2628,)
",(",401531904,",",2023,",",10,",'",2023-11-02T23:30:00.000Z,"',",2653,",",6,)
",(",401525539,",",2023,",",10,",'",2023-11-02T23:30:00.000Z,"',",150,",",154,)
",(",401525540,",",2023,",",10,",'",2023-11-03T23:30:00.000Z,"',",183,",",103,)
",(",401532609,",",2023,",",10,",'",2023-11-04T00:00:00.000Z,"',",2751,",",36,)
",(",401525880,",",2023,",",10,",'",2023-11-04T04:00:00.000Z,"',",239,",",248,)
",(",401525542,",",2023,",",10,",'",2023-11-04T04:00:00.000Z,"',",258,",",59,)
",(",401520377,",",2023,",",10,",'",2023-11-04T04:00:00.000Z,"',",2633,",",41,)
",(",401531383,",",2023,",",10,",'",2023-11-04T04:00:00.000Z,"',",5,",",2226,)
",(",401531392,",",2023,",",10,",'",2023-11-04T04:00:00.000Z,"',",218,",",2426,)
",(",401531425,",",2023,",",10,",'",2023-11-04T04:00:00.000Z,"',",235,",",58,)
",(",401520365,",",2023,",",10,",'",2023-11-04T04:00:00.000Z,"',",84,",",275,)
",(",401525884,",",2023,",",10,",'",2023-11-04T04:00:00.000Z,"',",251,",",2306,)
",(",401525882,",",2023,",",10,",'",2023-11-04T04:00:00.000Z,"',",66,",",2305,)
",(",401520363,",",2023,",",10,",'",2023-11-04T04:00:00.000Z,"',",57,",",8,)
",(",401520368,",",2023,",",10,",'",2023-11-04T04:00:00.000Z,"',",130,",",2509,)
",(",401525541,",",2023,",",10,",'",2023-11-04T04:00:00.000Z,"',",221,",",52,)
",(",401532612,",",2023,",",10,",'",2023-11-04T04:00:00.000Z,"',",21,",",328,)
",(",401531908,",",2023,",",10,",'",2023-11-04T04:00:00.000Z,"',",2032,",",309,)
",(",401531906,",",2023,",",10,",'",2023-11-04T04:00:00.000Z,"',",2247,",",256,)
",(",401520367,",",2023,",",10,",'",2023-11-04T04:00:00.000Z,"',",120,",",213,)
",(",401525543,",",2023,",",10,",'",2023-11-04T04:00:00.000Z,"',",97,",",259,)
",(",401531905,",",2023,",",10,",'",2023-11-04T04:00:00.000Z,"',",2026,",",276,)
",(",401520370,",",2023,",",10,",'",2023-11-04T04:00:00.000Z,"',",135,",",356,)
",(",401525544,",",2023,",",10,",'",2023-11-04T04:00:00.000Z,"',",152,",",2390,)
",(",401525451,",",2023,",",10,",'",2023-11-04T04:00:00.000Z,"',",2534,",",338,)
",(",401531909,",",2023,",",10,",'",2023-11-04T04:00:00.000Z,"',",2572,",",2433,)
",(",401520374,",",2023,",",10,",'",2023-11-04T04:00:00.000Z,"',",145,",",245,)
",(",401524045,",",2023,",",10,",'",2023-11-04T04:00:00.000Z,"',",12,",",26,)
",(",401524047,",",2023,",",10,",'",2023-11-04T04:00:00.000Z,"',",2483,",",25,)
",(",401520376,",",2023,",",10,",'",2023-11-04T04:00:00.000Z,"',",2579,",",55,)
",(",401525545,",",2023,",",10,",'",2023-11-04T04:00:00.000Z,"',",153,",",2097,)
",(",401524050,",",2023,",",10,",'",2023-11-04T04:00:00.000Z,"',",265,",",24,)
",(",401531374,",",2023,",",10,",'",2023-11-04T04:00:00.000Z,"',",151,",",2655,)
",(",401520373,",",2023,",",10,",'",2023-11-04T04:00:00.000Z,"',",77,",",2294,)
",(",401524046,",",2023,",",10,",'",2023-11-04T04:00:00.000Z,"',",38,",",204,)
",(",401520375,",",2023,",",10,",'",2023-11-04T04:00:00.000Z,"',",164,",",194,)
",(",401520369,",",2023,",",10,",'",2023-11-04T04:00:00.000Z,"',",127,",",158,)
",(",401531399,",",2023,",",10,",'",2023-11-04T04:00:00.000Z,"',",249,",",2636,)
",(",401525441,",",2023,",",10,",'",2023-11-04T04:00:00.000Z,"',",228,",",87,)
",(",401524049,",",2023,",",10,",'",2023-11-04T04:00:00.000Z,"',",254,",",9,)
",(",401525881,",",2023,",",10,",'",2023-11-04T04:00:00.000Z,"',",2132,",",2116,)
",(",401524048,",",2023,",",10,",'",2023-11-04T04:00:00.000Z,"',",30,",",264,)
",(",401531440,",",2023,",",10,",'",2023-11-04T04:00:00.000Z,"',",242,",",2567,)
",(",401531907,",",2023,",",10,",'",2023-11-04T04:00:00.000Z,"',",295,",",324,)
",(",401520379,",",2023,",",10,",'",2023-11-04T04:00:00.000Z,"',",238,",",2,)
",(",401520371,",",2023,",",10,",'",2023-11-04T04:00:00.000Z,"',",344,",",96,)
",(",401525883,",",2023,",",10,",'",2023-11-04T04:00:00.000Z,"',",197,",",201,)
",(",401531343,",",2023,",",10,",'",2023-11-04T04:00:00.000Z,"',",202,",",2429,)
",(",401520362,",",2023,",",10,",'",2023-11-04T04:00:00.000Z,"',",333,",",99,)
",(",401525885,",",2023,",",10,",'",2023-11-04T04:00:00.000Z,"',",277,",",252,)
",(",401520364,",",2023,",",10,",'",2023-11-04T04:00:00.000Z,"',",61,",",142,)
",(",401520400,",",2023,",",10,",'",2023-11-04T16:00:00.000Z,"',",113,",",2771,)
",(",401520361,",",2023,",",10,",'",2023-11-04T18:30:00.000Z,"',",2005,",",349,)
",(",401532610,",",2023,",",10,",'",2023-11-04T20:00:00.000Z,"',",2440,",",62,)
",(",401532611,",",2023,",",10,",'",2023-11-04T22:00:00.000Z,"',",167,",",2439,)
",(",401520372,",",2023,",",10,",'",2023-11-04T22:00:00.000Z,"',",166,",",2393,)
",(",401520366,",",2023,",",10,",'",2023-11-04T22:00:00.000Z,"',",2335,",",2348,)
",(",401531910,",",2023,",",10,",'",2023-11-04T23:00:00.000Z,"',",326,",",290,)
",(",401520378,",",2023,",",10,",'",2023-11-05T01:00:00.000Z,"',",2638,",",98,)
",(",401532608,",",2023,",",10,",'",2023-11-05T02:00:00.000Z,"',",278,",",68,)
",(",401532437,",",2023,",",11,",'",2023-11-07T05:00:00.000Z,"',",2459,",",2050,)
",(",401532439,",",2023,",",11,",'",2023-11-07T05:00:00.000Z,"',",2084,",",195,)
",(",401532438,",",2023,",",11,",'",2023-11-08T00:30:00.000Z,"',",2711,",",2117,)
",(",401532440,",",2023,",",11,",'",2023-11-08T05:00:00.000Z,"',",2649,",",2199,)
",(",401532442,",",2023,",",11,",'",2023-11-08T05:00:00.000Z,"',",2309,",",189,)
",(",401532441,",",2023,",",11,",'",2023-11-08T05:00:00.000Z,"',",193,",",2006,)
",(",401525546,",",2023,",",11,",'",2023-11-10T00:30:00.000Z,"',",97,",",258,)
",(",401531911,",",2023,",",11,",'",2023-11-10T00:30:00.000Z,"',",309,",",2572,)
",(",401531437,",",2023,",",11,",'",2023-11-11T02:00:00.000Z,"',",2567,",",249,)
",(",401532618,",",2023,",",11,",'",2023-11-11T03:45:00.000Z,"',",2439,",",2751,)
",(",401525887,",",2023,",",11,",'",2023-11-11T05:00:00.000Z,"',",248,",",2132,)
",(",401520383,",",2023,",",11,",'",2023-11-11T05:00:00.000Z,"',",356,",",84,)
",(",401520395,",",2023,",",11,",'",2023-11-11T05:00:00.000Z,"',",2509,",",135,)
",(",401520384,",",2023,",",11,",'",2023-11-11T05:00:00.000Z,"',",2294,",",164,)
",(",401520398,",",2023,",",11,",'",2023-11-11T05:00:00.000Z,"',",275,",",77,)
",(",401520392,",",2023,",",11,",'",2023-11-11T05:00:00.000Z,"',",158,",",120,)
",(",401531416,",",2023,",",11,",'",2023-11-11T05:00:00.000Z,"',",2226,",",151,)
",(",401531344,",",2023,",",11,",'",2023-11-11T05:00:00.000Z,"',",2655,",",202,)
",(",401531393,",",2023,",",11,",'",2023-11-11T05:00:00.000Z,"',",58,",",218,)
",(",401532616,",",2023,",",11,",'",2023-11-11T05:00:00.000Z,"',",68,",",167,)
",(",401531408,",",2023,",",11,",'",2023-11-11T05:00:00.000Z,"',",2429,",",235,)
",(",401524055,",",2023,",",11,",'",2023-11-11T05:00:00.000Z,"',",26,",",9,)
",(",401524052,",",2023,",",11,",'",2023-11-11T05:00:00.000Z,"',",38,",",12,)
",(",401524054,",",2023,",",11,",'",2023-11-11T05:00:00.000Z,"',",204,",",24,)
",(",401524053,",",2023,",",11,",'",2023-11-11T05:00:00.000Z,"',",2483,",",30,)
",(",401525890,",",2023,",",11,",'",2023-11-11T05:00:00.000Z,"',",201,",",277,)
",(",401524056,",",2023,",",11,",'",2023-11-11T05:00:00.000Z,"',",264,",",254,)
",(",401524051,",",2023,",",11,",'",2023-11-11T05:00:00.000Z,"',",25,",",265,)
",(",401525888,",",2023,",",11,",'",2023-11-11T05:00:00.000Z,"',",2305,",",2641,)
",(",401525886,",",2023,",",11,",'",2023-11-11T05:00:00.000Z,"',",252,",",66,)
",(",401531914,",",2023,",",11,",'",2023-11-11T05:00:00.000Z,"',",276,",",290,)
",(",401525891,",",2023,",",11,",'",2023-11-11T05:00:00.000Z,"',",2628,",",251,)
",(",401531913,",",2023,",",11,",'",2023-11-11T05:00:00.000Z,"',",2247,",",2026,)
",(",401525889,",",2023,",",11,",'",2023-11-11T05:00:00.000Z,"',",2306,",",239,)
",(",401525892,",",2023,",",11,",'",2023-11-11T05:00:00.000Z,"',",2116,",",197,)
",(",401531912,",",2023,",",11,",'",2023-11-11T05:00:00.000Z,"',",324,",",326,)
",(",401531916,",",2023,",",11,",'",2023-11-11T05:00:00.000Z,"',",6,",",2032,)
",(",401531915,",",2023,",",11,",'",2023-11-11T05:00:00.000Z,"',",2433,",",2653,)
",(",401525549,",",2023,",",11,",'",2023-11-11T05:00:00.000Z,"',",153,",",150,)
",(",401525548,",",2023,",",11,",'",2023-11-11T05:00:00.000Z,"',",228,",",59,)
",(",401525550,",",2023,",",11,",'",2023-11-11T05:00:00.000Z,"',",52,",",2390,)
",(",401525547,",",2023,",",11,",'",2023-11-11T05:00:00.000Z,"',",103,",",259,)
",(",401520385,",",2023,",",11,",'",2023-11-11T05:00:00.000Z,"',",256,",",41,)
",(",401525551,",",2023,",",11,",'",2023-11-11T05:00:00.000Z,"',",154,",",152,)
",(",401520380,",",2023,",",11,",'",2023-11-11T05:00:00.000Z,"',",8,",",2,)
",(",401520397,",",2023,",",11,",'",2023-11-11T05:00:00.000Z,"',",245,",",344,)
",(",401531400,",",2023,",",11,",'",2023-11-11T05:00:00.000Z,"',",2636,",",242,)
",(",401520382,",",2023,",",11,",'",2023-11-11T05:00:00.000Z,"',",61,",",145,)
",(",401520386,",",2023,",",11,",'",2023-11-11T05:00:00.000Z,"',",96,",",333,)
",(",401520396,",",2023,",",11,",'",2023-11-11T05:00:00.000Z,"',",2579,",",238,)
",(",401520391,",",2023,",",11,",'",2023-11-11T05:00:00.000Z,"',",142,",",2633,)
",(",401520389,",",2023,",",11,",'",2023-11-11T05:00:00.000Z,"',",99,",",57,)
",(",401520381,",",2023,",",11,",'",2023-11-11T17:00:00.000Z,"',",349,",",107,)
",(",401520394,",",2023,",",11,",'",2023-11-11T17:00:00.000Z,"',",213,",",130,)
",(",401520388,",",2023,",",11,",'",2023-11-11T18:00:00.000Z,"',",2335,",",295,)
",(",401532615,",",2023,",",11,",'",2023-11-11T20:00:00.000Z,"',",328,",",2440,)
",(",401520387,",",2023,",",11,",'",2023-11-11T20:00:00.000Z,"',",2348,",",2534,)
",(",401520390,",",2023,",",11,",'",2023-11-11T20:30:00.000Z,"',",2393,",",2229,)
",(",401531384,",",2023,",",11,",'",2023-11-11T20:30:00.000Z,"',",2426,",",5,)
",(",401520399,",",2023,",",11,",'",2023-11-11T20:30:00.000Z,"',",98,",",166,)
",(",401525552,",",2023,",",11,",'",2023-11-11T20:30:00.000Z,"',",183,",",221,)
",(",401532617,",",2023,",",11,",'",2023-11-12T00:00:00.000Z,"',",36,",",21,)
",(",401520393,",",2023,",",11,",'",2023-11-12T00:30:00.000Z,"',",194,",",127,)
",(",401532614,",",2023,",",11,",'",2023-11-12T03:30:00.000Z,"',",23,",",278,)
",(",401532613,",",2023,",",11,",'",2023-11-12T04:59:00.000Z,"',",62,",",2005,)
",(",401532443,",",2023,",",12,",'",2023-11-15T00:00:00.000Z,"',",189,",",2649,)
",(",401532444,",",2023,",",12,",'",2023-11-15T00:00:00.000Z,"',",2459,",",2711,)
",(",401532445,",",2023,",",12,",'",2023-11-15T00:00:00.000Z,"',",2199,",",2006,)
",(",401532447,",",2023,",",12,",'",2023-11-16T00:00:00.000Z,"',",193,",",2084,)
",(",401532446,",",2023,",",12,",'",2023-11-16T00:00:00.000Z,"',",195,",",2117,)
",(",401525553,",",2023,",",12,",'",2023-11-17T00:00:00.000Z,"',",221,",",103,)
",(",401531401,",",2023,",",12,",'",2023-11-18T02:00:00.000Z,"',",2636,",",58,)
",(",401524057,",",2023,",",12,",'",2023-11-18T03:30:00.000Z,"',",265,",",38,)
",(",401525895,",",2023,",",12,",'",2023-11-18T05:00:00.000Z,"',",66,",",251,)
",(",401520418,",",2023,",",12,",'",2023-11-18T05:00:00.000Z,"',",2579,",",96,)
",(",401525899,",",2023,",",12,",'",2023-11-18T05:00:00.000Z,"',",277,",",2132,)
",(",401525555,",",2023,",",12,",'",2023-11-18T05:00:00.000Z,"',",258,",",150,)
",(",401531917,",",2023,",",12,",'",2023-11-18T05:00:00.000Z,"',",290,",",295,)
",(",401520414,",",2023,",",12,",'",2023-11-18T05:00:00.000Z,"',",77,",",2509,)
",(",401525559,",",2023,",",12,",'",2023-11-18T05:00:00.000Z,"',",259,",",152,)
",(",401531920,",",2023,",",12,",'",2023-11-18T05:00:00.000Z,"',",6,",",276,)
",(",401531431,",",2023,",",12,",'",2023-11-18T05:00:00.000Z,"',",235,",",2567,)
",(",401524059,",",2023,",",12,",'",2023-11-18T05:00:00.000Z,"',",9,",",2483,)
",(",401525898,",",2023,",",12,",'",2023-11-18T05:00:00.000Z,"',",2641,",",2116,)
",(",401520405,",",2023,",",12,",'",2023-11-18T05:00:00.000Z,"',",84,",",127,)
",(",401520404,",",2023,",",12,",'",2023-11-18T05:00:00.000Z,"',",2,",",166,)
",(",401524060,",",2023,",",12,",'",2023-11-18T05:00:00.000Z,"',",204,",",264,)
",(",401524058,",",2023,",",12,",'",2023-11-18T05:00:00.000Z,"',",12,",",254,)
",(",401525558,",",2023,",",12,",'",2023-11-18T05:00:00.000Z,"',",2390,",",97,)
",(",401520402,",",2023,",",12,",'",2023-11-18T05:00:00.000Z,"',",8,",",2229,)
",(",401525556,",",2023,",",12,",'",2023-11-18T05:00:00.000Z,"',",52,",",2453,)
",(",401531409,",",2023,",",12,",'",2023-11-18T05:00:00.000Z,"',",2429,",",242,)
",(",401524062,",",2023,",",12,",'",2023-11-18T05:00:00.000Z,"',",30,",",26,)
",(",401520419,",",2023,",",12,",'",2023-11-18T05:00:00.000Z,"',",2633,",",61,)
",(",401524061,",",2023,",",12,",'",2023-11-18T05:00:00.000Z,"',",24,",",25,)
",(",401520415,",",2023,",",12,",'",2023-11-18T05:00:00.000Z,"',",194,",",135,)
",(",401520413,",",2023,",",12,",'",2023-11-18T05:00:00.000Z,"',",142,",",57,)
",(",401525894,",",2023,",",12,",'",2023-11-18T05:00:00.000Z,"',",248,",",197,)
",(",401525896,",",2023,",",12,",'",2023-11-18T05:00:00.000Z,"',",2305,",",2306,)
",(",401525554,",",2023,",",12,",'",2023-11-18T05:00:00.000Z,"',",228,",",153,)
",(",401520422,",",2023,",",12,",'",2023-11-18T05:00:00.000Z,"',",275,",",158,)
",(",401525897,",",2023,",",12,",'",2023-11-18T05:00:00.000Z,"',",2628,",",239,)
",(",401520416,",",2023,",",12,",'",2023-11-18T05:00:00.000Z,"',",145,",",2433,)
",(",401520417,",",2023,",",12,",'",2023-11-18T05:00:00.000Z,"',",213,",",164,)
",(",401520406,",",2023,",",12,",'",2023-11-18T05:00:00.000Z,"',",2294,",",356,)
",(",401520409,",",2023,",",12,",'",2023-11-18T05:00:00.000Z,"',",99,",",2247,)
",(",401531918,",",2023,",",12,",'",2023-11-18T05:00:00.000Z,"',",256,",",2026,)
",(",401525893,",",2023,",",12,",'",2023-11-18T05:00:00.000Z,"',",252,",",201,)
",(",401531385,",",2023,",",12,",'",2023-11-18T05:00:00.000Z,"',",5,",",218,)
",(",401531375,",",2023,",",12,",'",2023-11-18T05:00:00.000Z,"',",2226,",",2655,)
",(",401532448,",",2023,",",12,",'",2023-11-18T05:00:00.000Z,"',",2050,",",2309,)
",(",401520410,",",2023,",",12,",'",2023-11-18T05:00:00.000Z,"',",120,",",130,)
",(",401531345,",",2023,",",12,",'",2023-11-18T05:00:00.000Z,"',",202,",",249,)
",(",401532622,",",2023,",",12,",'",2023-11-18T05:00:00.000Z,"',",278,",",167,)
",(",401531919,",",2023,",",12,",'",2023-11-18T05:00:00.000Z,"',",2032,",",326,)
",(",401525557,",",2023,",",12,",'",2023-11-18T05:00:00.000Z,"',",59,",",183,)
",(",401520421,",",2023,",",12,",'",2023-11-18T17:00:00.000Z,"',",41,",",2529,)
",(",401520401,",",2023,",",12,",'",2023-11-18T17:00:00.000Z,"',",333,",",236,)
",(",401520420,",",2023,",",12,",'",2023-11-18T17:00:00.000Z,"',",245,",",2000,)
",(",401531417,",",2023,",",12,",'",2023-11-18T17:00:00.000Z,"',",2426,",",151,)
",(",401520412,",",2023,",",12,",'",2023-11-18T17:00:00.000Z,"',",344,",",2572,)
",(",401520403,",",2023,",",12,",'",2023-11-18T17:00:00.000Z,"',",349,",",324,)
",(",401520408,",",2023,",",12,",'",2023-11-18T18:00:00.000Z,"',",2335,",",113,)
",(",401532620,",",2023,",",12,",'",2023-11-18T19:00:00.000Z,"',",2751,",",62,)
",(",401520411,",",2023,",",12,",'",2023-11-18T19:00:00.000Z,"',",2393,",",2638,)
",(",401520407,",",2023,",",12,",'",2023-11-18T19:00:00.000Z,"',",55,",",2348,)
",(",401532621,",",2023,",",12,",'",2023-11-18T20:00:00.000Z,"',",36,",",2440,)
",(",401525442,",",2023,",",12,",'",2023-11-18T20:30:00.000Z,"',",87,",",154,)
",(",401532624,",",2023,",",12,",'",2023-11-18T20:30:00.000Z,"',",2005,",",2439,)
",(",401520423,",",2023,",",12,",'",2023-11-18T20:30:00.000Z,"',",98,",",2534,)
",(",401531921,",",2023,",",12,",'",2023-11-18T20:30:00.000Z,"',",2653,",",309,)
",(",401532619,",",2023,",",12,",'",2023-11-19T00:00:00.000Z,"',",328,",",68,)
",(",401532623,",",2023,",",12,",'",2023-11-19T03:30:00.000Z,"',",23,",",21,)
",(",401532449,",",2023,",",13,",'",2023-11-21T05:00:00.000Z,"',",2084,",",2199,)
",(",401532450,",",2023,",",13,",'",2023-11-21T05:00:00.000Z,"',",2711,",",189,)
",(",401520424,",",2023,",",13,",'",2023-11-24T00:30:00.000Z,"',",344,",",145,)
",(",401532452,",",2023,",",13,",'",2023-11-24T17:00:00.000Z,"',",2006,",",195,)
",(",401525560,",",2023,",",13,",'",2023-11-24T17:00:00.000Z,"',",103,",",2390,)
",(",401532451,",",2023,",",13,",'",2023-11-24T17:00:00.000Z,"',",2117,",",2649,)
",(",401525900,",",2023,",",13,",'",2023-11-24T17:00:00.000Z,"',",201,",",2628,)
",(",401520425,",",2023,",",13,",'",2023-11-24T17:00:00.000Z,"',",158,",",2294,)
",(",401532629,",",2023,",",13,",'",2023-11-24T20:30:00.000Z,"',",167,",",328,)
",(",401520426,",",2023,",",13,",'",2023-11-24T21:00:00.000Z,"',",8,",",142,)
",(",401532625,",",2023,",",13,",'",2023-11-24T21:00:00.000Z,"',",68,",",2005,)
",(",401520435,",",2023,",",13,",'",2023-11-25T00:30:00.000Z,"',",127,",",213,)
",(",401525901,",",2023,",",13,",'",2023-11-25T00:30:00.000Z,"',",251,",",2641,)
",(",401524063,",",2023,",",13,",'",2023-11-25T01:30:00.000Z,"',",2483,",",204,)
",(",401531926,",",2023,",",13,",'",2023-11-25T05:00:00.000Z,"',",309,",",2433,)
",(",401532454,",",2023,",",13,",'",2023-11-25T05:00:00.000Z,"',",2050,",",193,)
",(",401531421,",",2023,",",13,",'",2023-11-25T05:00:00.000Z,"',",242,",",2226,)
",(",401531435,",",2023,",",13,",'",2023-11-25T05:00:00.000Z,"',",2567,",",2426,)
",(",401520438,",",2023,",",13,",'",2023-11-25T05:00:00.000Z,"',",2509,",",84,)
",(",401531394,",",2023,",",13,",'",2023-11-25T05:00:00.000Z,"',",218,",",235,)
",(",401531410,",",2023,",",13,",'",2023-11-25T05:00:00.000Z,"',",58,",",2429,)
",(",401531346,",",2023,",",13,",'",2023-11-25T05:00:00.000Z,"',",151,",",202,)
",(",401525561,",",2023,",",13,",'",2023-11-25T05:00:00.000Z,"',",150,",",221,)
",(",401532627,",",2023,",",13,",'",2023-11-25T05:00:00.000Z,"',",21,",",278,)
",(",401524064,",",2023,",",13,",'",2023-11-25T05:00:00.000Z,"',",9,",",12,)
",(",401524066,",",2023,",",13,",'",2023-11-25T05:00:00.000Z,"',",26,",",25,)
",(",401520433,",",2023,",",13,",'",2023-11-25T05:00:00.000Z,"',",99,",",245,)
",(",401525902,",",2023,",",13,",'",2023-11-25T05:00:00.000Z,"',",239,",",277,)
",(",401531376,",",2023,",",13,",'",2023-11-25T05:00:00.000Z,"',",2655,",",2636,)
",(",401524067,",",2023,",",13,",'",2023-11-25T05:00:00.000Z,"',",254,",",38,)
",(",401531927,",",2023,",",13,",'",2023-11-25T05:00:00.000Z,"',",2572,",",2653,)
",(",401520430,",",2023,",",13,",'",2023-11-25T05:00:00.000Z,"',",59,",",61,)
",(",401531925,",",2023,",",13,",'",2023-11-25T05:00:00.000Z,"',",295,",",2247,)
",(",401520436,",",2023,",",13,",'",2023-11-25T05:00:00.000Z,"',",135,",",275,)
",(",401520429,",",2023,",",13,",'",2023-11-25T05:00:00.000Z,"',",57,",",52,)
",(",401525562,",",2023,",",13,",'",2023-11-25T05:00:00.000Z,"',",152,",",153,)
",(",401520443,",",2023,",",13,",'",2023-11-25T05:00:00.000Z,"',",113,",",41,)
",(",401531924,",",2023,",",13,",'",2023-11-25T05:00:00.000Z,"',",276,",",2032,)
",(",401520441,",",2023,",",13,",'",2023-11-25T05:00:00.000Z,"',",2579,",",228,)
",(",401525564,",",2023,",",13,",'",2023-11-25T05:00:00.000Z,"',",258,",",259,)
",(",401525563,",",2023,",",13,",'",2023-11-25T05:00:00.000Z,"',",183,",",154,)
",(",401531386,",",2023,",",13,",'",2023-11-25T05:00:00.000Z,"',",249,",",5,)
",(",401525903,",",2023,",",13,",'",2023-11-25T05:00:00.000Z,"',",2132,",",2305,)
",(",401520427,",",2023,",",13,",'",2023-11-25T05:00:00.000Z,"',",2,",",333,)
",(",401524068,",",2023,",",13,",'",2023-11-25T05:00:00.000Z,"',",264,",",265,)
",(",401531923,",",2023,",",13,",'",2023-11-25T05:00:00.000Z,"',",324,",",256,)
",(",401525906,",",2023,",",13,",'",2023-11-25T05:00:00.000Z,"',",2116,",",248,)
",(",401520442,",",2023,",",13,",'",2023-11-25T05:00:00.000Z,"',",2633,",",238,)
",(",401525904,",",2023,",",13,",'",2023-11-25T05:00:00.000Z,"',",2306,",",66,)
",(",401524065,",",2023,",",13,",'",2023-11-25T05:00:00.000Z,"',",24,",",87,)
",(",401520439,",",2023,",",13,",'",2023-11-25T05:00:00.000Z,"',",164,",",120,)
",(",401531922,",",2023,",",13,",'",2023-11-25T05:00:00.000Z,"',",2026,",",290,)
",(",401520432,",",2023,",",13,",'",2023-11-25T05:00:00.000Z,"',",97,",",96,)
",(",401520431,",",2023,",",13,",'",2023-11-25T05:00:00.000Z,"',",356,",",77,)
",(",401525905,",",2023,",",13,",'",2023-11-25T05:00:00.000Z,"',",197,",",252,)
",(",401532453,",",2023,",",13,",'",2023-11-25T05:00:00.000Z,"',",2309,",",2459,)
",(",401520440,",",2023,",",13,",'",2023-11-25T17:00:00.000Z,"',",2534,",",2393,)
",(",401520434,",",2023,",",13,",'",2023-11-25T17:00:00.000Z,"',",130,",",194,)
",(",401532628,",",2023,",",13,",'",2023-11-25T20:00:00.000Z,"',",2439,",",23,)
",(",401520428,",",2023,",",13,",'",2023-11-25T20:00:00.000Z,"',",2229,",",98,)
",(",401531928,",",2023,",",13,",'",2023-11-25T20:00:00.000Z,"',",326,",",6,)
",(",401520444,",",2023,",",13,",'",2023-11-25T20:30:00.000Z,"',",2638,",",2335,)
",(",401520437,",",2023,",",13,",'",2023-11-25T21:00:00.000Z,"',",166,",",55,)
",(",401532630,",",2023,",",13,",'",2023-11-26T02:00:00.000Z,"',",2440,",",2751,)
",(",401532626,",",2023,",",13,",'",2023-11-26T04:59:00.000Z,"',",62,",",36,)
",(",401520445,",",2023,",",15,",'",2023-12-09T20:00:00.000Z,"',",349,",",2426,)
